{
  "/[locale]/about/page": "/[locale]/about",
  "/[locale]/contact/page": "/[locale]/contact",
  "/[locale]/excursions/agafay-desert-sunset/page": "/[locale]/excursions/agafay-desert-sunset",
  "/[locale]/excursions/essaouira-coastal-escape/page": "/[locale]/excursions/essaouira-coastal-escape",
  "/[locale]/excursions/imlil-toubkal-adventure/page": "/[locale]/excursions/imlil-toubkal-adventure",
  "/[locale]/excursions/ourika-valley-discovery/page": "/[locale]/excursions/ourika-valley-discovery",
  "/[locale]/excursions/ouzoud-waterfalls-day-trip/page": "/[locale]/excursions/ouzoud-waterfalls-day-trip",
  "/[locale]/excursions/page": "/[locale]/excursions",
  "/[locale]/excursions/sunrise-hot-air-balloon/page": "/[locale]/excursions/sunrise-hot-air-balloon",
  "/[locale]/page": "/[locale]",
  "/[locale]/tours/atlas-and-desert-escape-4-days/page": "/[locale]/tours/atlas-and-desert-escape-4-days",
  "/[locale]/tours/caravan-and-kasbah-experience-3-days/page": "/[locale]/tours/caravan-and-kasbah-experience-3-days",
  "/[locale]/tours/chegaga-wilderness-expedition-3-days/page": "/[locale]/tours/chegaga-wilderness-expedition-3-days",
  "/[locale]/tours/coast-and-cities-explorer-6-days/page": "/[locale]/tours/coast-and-cities-explorer-6-days",
  "/[locale]/tours/coastal-and-desert-odyssey-4-days/page": "/[locale]/tours/coastal-and-desert-odyssey-4-days",
  "/[locale]/tours/grand-moroccan-circuit-10-days/page": "/[locale]/tours/grand-moroccan-circuit-10-days",
  "/[locale]/tours/imperial-cities-and-coastline-5-days/page": "/[locale]/tours/imperial-cities-and-coastline-5-days",
  "/[locale]/tours/merzouga-desert-adventure-3-days/page": "/[locale]/tours/merzouga-desert-adventure-3-days",
  "/[locale]/tours/northern-heritage-trail-7-days/page": "/[locale]/tours/northern-heritage-trail-7-days",
  "/[locale]/tours/page": "/[locale]/tours",
  "/_global-error/page": "/_global-error",
  "/_not-found/page": "/_not-found",
  "/api/booking/route": "/api/booking",
  "/api/contact/route": "/api/contact",
  "/api/health/route": "/api/health",
  "/api/newsletter/route": "/api/newsletter",
  "/sitemap.xml/route": "/sitemap.xml"
}